{"sun": {"class_counts": [["15.3", 5], ["17.9", 3], ["19.0", 3], ["4.0", 2], ["5.7", 2], ["19.4", 2], ["14.7", 2], ["18.5", 2], ["15.7", 2], ["6.1", 2], ["4.6", 2], ["5.8", 2], ["18.7", 2], ["19.1", 2], ["13.4", 2], ["9.1", 2], ["6.2", 2], ["18.0", 2], ["21.7", 1], ["15.8", 1], ["16.5", 1], ["3.8", 1], ["10.2", 1], ["17.1", 1], ["4.8", 1], ["8.0", 1], ["10.9", 1], ["5.4", 1], ["18.9", 1], ["4.5", 1], ["17.7", 1], ["14.5", 1], ["4.1", 1], ["15.5", 1], ["5.0", 1], ["20.6", 1], ["15.4", 1], ["5.1", 1], ["16.8", 1], ["4.4", 1], ["10.0", 1], ["3.6", 1], ["19.2", 1], ["9.5", 1], ["15.0", 1], ["9.2", 1], ["14.6", 1], ["19.8", 1], ["6.0", 1], ["4.2", 1], ["9.3", 1], ["3.9", 1], ["21.1", 1], ["17.2", 1], ["5.9", 1], ["15.1", 1]], "avg_precision": 0.45230769230769236, "avg_recall": 0.4974358974358974, "avg_f1": 0.45494505494505494, "avg_accuracy": 0.5569620253164557, "weighted_precision": 0.5375527426160338, "weighted_recall": 0.5569620253164557, "weighted_f1": 0.5207956600361663, "weighted_accuracy": 0.5569620253164557, "class_precision": [0.0, 1.0, 0.0, 1.0, 1.0, 1.0, 0.3333333333333333, 1.0, 1.0, 0.6666666666666666, 0.0, 1.0, 0.4, 1.0, 1.0, 0.0, 0.6666666666666666, 1.0, 1.0, 0.0, 0.0, 1.0, 1.0, 0.0, 0.0, 0.0, 0.0, 1.0, 0.5, 0.3333333333333333, 0.0, 1.0, 0.5, 1.0, 0.5, 1.0, 1.0, 0.0, 0.5, 1.0, 0.5, 0.0, 0.0, 0.0, 1.0, 0.0, 0.0, 0.0, 0.5, 1.0, 0.0, 1.0, 1.0, 1.0, 0.0, 0.0], "class_recall": [0.0, 0.3333333333333333, 0.0, 0.5, 0.5, 1.0, 0.5, 0.5, 1.0, 1.0, 0.0, 1.0, 1.0, 1.0, 1.0, 0.0, 1.0, 1.0, 1.0, 0.0, 0.0, 1.0, 1.0, 0.0, 0.0, 0.0, 0.0, 1.0, 1.0, 1.0, 0.0, 1.0, 1.0, 1.0, 1.0, 1.0, 1.0, 0.0, 1.0, 1.0, 1.0, 0.0, 0.0, 0.0, 1.0, 0.0, 0.0, 0.0, 1.0, 1.0, 0.0, 1.0, 1.0, 1.0, 0.0, 0.0], "class_f1": [0.0, 0.5, 0.0, 0.6666666666666666, 0.6666666666666666, 1.0, 0.4, 0.6666666666666666, 1.0, 0.8, 0.0, 1.0, 0.5714285714285715, 1.0, 1.0, 0.0, 0.8, 1.0, 1.0, 0.0, 0.0, 1.0, 1.0, 0.0, 0.0, 0.0, 0.0, 1.0, 0.6666666666666666, 0.5, 0.0, 1.0, 0.6666666666666666, 1.0, 0.6666666666666666, 1.0, 1.0, 0.0, 0.6666666666666666, 1.0, 0.6666666666666666, 0.0, 0.0, 0.0, 1.0, 0.0, 0.0, 0.0, 0.6666666666666666, 1.0, 0.0, 1.0, 1.0, 1.0, 0.0, 0.0], "class_accuracy": 0.5569620253164557, "num_classes": 56, "num_applicable_rows": 79, "confusion_matrix": [["15.3", [["14.7", 1], ["4.3", 1], ["18.7", 1], ["15.6", 1], ["5.0", 1]]], ["17.9", [["17.9", 1], ["16.5", 1], ["18.7", 1]]], ["19.0", [["6.0", 1], ["19.2", 1], ["19.8", 1]]], ["4.0", [["4.0", 1], ["4.8", 1]]], ["5.7", [["5.5", 1], ["5.7", 1]]], ["19.4", [["19.4", 2]]], ["14.7", [["4.7", 1], ["14.7", 1]]], ["18.5", [["18.9", 1], ["18.5", 1]]], ["15.7", [["15.7", 2]]], ["6.1", [["6.1", 2]]], ["4.6", [["4.3", 1], ["4.5", 1]]], ["5.8", [["5.8", 2]]], ["18.7", [["18.7", 2]]], ["19.1", [["19.1", 2]]], ["13.4", [["13.4", 2]]], ["9.1", [["5.1", 1], ["9.5", 1]]], ["6.2", [["6.2", 2]]], ["18.0", [["18.0", 2]]], ["21.7", [["21.7", 1]]], ["15.8", [["18.7", 1]]], ["16.5", [["16.8", 1]]], ["3.8", [["3.8", 1]]], ["10.2", [["10.2", 1]]], ["17.1", [["17.5", 1]]], ["4.8", [["4.1", 1]]], ["8.0", [["10.0", 1]]], ["10.9", [["10.8", 1]]], ["5.4", [["5.4", 1]]], ["18.9", [["18.9", 1]]], ["4.5", [["4.5", 1]]], ["17.7", [["10.6", 1]]], ["14.5", [["14.5", 1]]], ["4.1", [["4.1", 1]]], ["15.5", [["15.5", 1]]], ["5.0", [["5.0", 1]]], ["20.6", [["20.6", 1]]], ["15.4", [["15.4", 1]]], ["5.1", [["6.1", 1]]], ["16.8", [["16.8", 1]]], ["4.4", [["4.4", 1]]], ["10.0", [["10.0", 1]]], ["3.6", [["5.1", 1]]], ["19.2", [["19.5", 1]]], ["9.5", [["4.5", 1]]], ["15.0", [["15.0", 1]]], ["9.2", [["6.2", 1]]], ["14.6", [["14.7", 1]]], ["19.8", [["19.0", 1]]], ["6.0", [["6.0", 1]]], ["4.2", [["4.2", 1]]], ["9.3", [["9.1", 1]]], ["3.9", [["3.9", 1]]], ["21.1", [["21.1", 1]]], ["17.2", [["17.2", 1]]], ["5.9", [["4.9", 1]]], ["15.1", [["17.7", 1]]]], "precision_recall_curves": {"4.0": {"precision": [1.0, 1.0, 1.0], "recall": [1.0, 0.5, 0.0], "thresholds": [0.1321800947189331, 0.926627516746521]}, "4.5": {"precision": [1.0, 1.0], "recall": [1.0, 0.0], "thresholds": [0.9617113471031189]}, "5.0": {"precision": [1.0, 1.0], "recall": [1.0, 0.0], "thresholds": [0.9458126425743103]}, "4.4": {"precision": [1.0, 1.0], "recall": [1.0, 0.0], "thresholds": [0.6556232571601868]}, "17.7": {"precision": [0.3333333333333333, 0.0, 0.0, 1.0], "recall": [1.0, 0.0, 0.0, 0.0], "thresholds": [0.20850150287151337, 0.3643525242805481, 0.4055522382259369]}, "4.1": {"precision": [1.0, 1.0], "recall": [1.0, 0.0], "thresholds": [0.8982937335968018]}, "5.4": {"precision": [1.0, 1.0], "recall": [1.0, 0.0], "thresholds": [0.47227421402931213]}, "14.7": {"precision": [0.5, 0.3333333333333333, 0.5, 1.0, 1.0], "recall": [1.0, 0.5, 0.5, 0.5, 0.0], "thresholds": [0.14079928398132324, 0.17405594885349274, 0.2369045913219452, 0.8376174569129944]}, "3.9": {"precision": [1.0, 1.0], "recall": [1.0, 0.0], "thresholds": [0.5579984784126282]}, "6.1": {"precision": [1.0, 1.0, 1.0], "recall": [1.0, 0.5, 0.0], "thresholds": [0.5342550873756409, 0.9379994869232178]}, "16.8": {"precision": [1.0, 1.0], "recall": [1.0, 0.0], "thresholds": [0.8013069033622742]}, "5.1": {"precision": [0.125, 0.0, 0.0, 0.0, 0.0, 0.0, 0.0, 0.0, 1.0], "recall": [1.0, 0.0, 0.0, 0.0, 0.0, 0.0, 0.0, 0.0, 0.0], "thresholds": [0.03088417463004589, 0.044844433665275574, 0.0554729700088501, 0.06110629811882973, 0.07620149105787277, 0.11681610345840454, 0.23557722568511963, 0.9096351265907288]}, "4.8": {"precision": [0.25, 0.0, 0.0, 0.0, 1.0], "recall": [1.0, 0.0, 0.0, 0.0, 0.0], "thresholds": [0.0502181313931942, 0.0723809227347374, 0.20557330548763275, 0.7942708134651184]}, "6.0": {"precision": [1.0, 1.0], "recall": [1.0, 0.0], "thresholds": [0.7421772480010986]}, "18.7": {"precision": [1.0, 1.0, 1.0], "recall": [1.0, 0.5, 0.0], "thresholds": [0.9422394633293152, 0.9831932783126831]}, "5.7": {"precision": [0.15384615384615385, 0.08333333333333333, 0.09090909090909091, 0.1, 0.1111111111111111, 0.125, 0.14285714285714285, 0.16666666666666666, 0.2, 0.25, 0.3333333333333333, 0.5, 1.0, 1.0], "recall": [1.0, 0.5, 0.5, 0.5, 0.5, 0.5, 0.5, 0.5, 0.5, 0.5, 0.5, 0.5, 0.5, 0.0], "thresholds": [0.005629679653793573, 0.006546344142407179, 0.007215217221528292, 0.007936332374811172, 0.009413945488631725, 0.010246490128338337, 0.02200978808104992, 0.022710006684064865, 0.028059961274266243, 0.030243370682001114, 0.04808057099580765, 0.07262996584177017, 0.8640075922012329]}, "16.5": {"precision": [0.5, 0.0, 1.0], "recall": [1.0, 0.0, 0.0], "thresholds": [0.0762617439031601, 0.23664472997188568]}, "15.7": {"precision": [1.0, 1.0, 1.0], "recall": [1.0, 0.5, 0.0], "thresholds": [0.8192601799964905, 0.8678800463676453]}, "4.2": {"precision": [1.0, 1.0], "recall": [1.0, 0.0], "thresholds": [0.7542198300361633]}, "10.0": {"precision": [1.0, 1.0], "recall": [1.0, 0.0], "thresholds": [0.766720175743103]}, "15.5": {"precision": [1.0, 1.0], "recall": [1.0, 0.0], "thresholds": [0.45945674180984497]}, "5.8": {"precision": [1.0, 1.0, 1.0], "recall": [1.0, 0.5, 0.0], "thresholds": [0.4076233506202698, 0.42561206221580505]}, "14.5": {"precision": [1.0, 1.0], "recall": [1.0, 0.0], "thresholds": [0.9759589433670044]}, "15.0": {"precision": [1.0, 1.0], "recall": [1.0, 0.0], "thresholds": [0.7557068467140198]}, "9.5": {"precision": [0.25, 0.0, 0.0, 0.0, 1.0], "recall": [1.0, 0.0, 0.0, 0.0, 0.0], "thresholds": [0.032413773238658905, 0.05110614001750946, 0.08082271367311478, 0.4333343207836151]}, "18.9": {"precision": [1.0, 1.0], "recall": [1.0, 0.0], "thresholds": [0.2718876600265503]}, "9.3": {"precision": [1.0, 1.0], "recall": [1.0, 0.0], "thresholds": [0.08049709349870682]}, "6.2": {"precision": [1.0, 1.0, 1.0], "recall": [1.0, 0.5, 0.0], "thresholds": [0.5377755165100098, 0.8228777050971985]}, "19.4": {"precision": [1.0, 1.0, 1.0], "recall": [1.0, 0.5, 0.0], "thresholds": [0.31458666920661926, 0.9973434805870056]}, "19.1": {"precision": [1.0, 1.0, 1.0], "recall": [1.0, 0.5, 0.0], "thresholds": [0.3499726355075836, 0.7661389112472534]}, "4.6": {"precision": [0.6666666666666666, 0.5, 1.0, 1.0],